name,m,n,nnz,m2,n2,nnz2,status,time,empty_row,singleton_row,fixed_col,empty_col,redundant_row,free_singleton,int_bounds
25fv47,821,1571,10400,773,1541,10221,reduced,0.5131540999864228,1,43,25,1,0,4,0
80bau3b,2262,9799,21002,2040,9240,20106,reduced,1.27823510003509,27,193,532,27,2,0,0
adlittle,56,97,383,53,96,374,reduced,0.027493400033563375,0,3,1,0,0,0,0
afiro,27,32,83,25,32,81,reduced,0.008911099983379245,0,2,0,0,0,0,0
agg,488,163,2410,449,163,2361,reduced,0.1698644999996759,0,30,0,0,9,0,0
agg2,516,302,4284,481,301,4238,reduced,0.18691449996549636,0,32,1,0,3,0,0
agg3,516,302,4300,481,301,4254,reduced,0.18486569996457547,0,32,1,0,3,0,0
bandm,305,472,2494,252,419,2001,reduced,0.3425301000243053,0,47,47,0,0,6,0
beaconfd,173,262,3375,108,197,1969,reduced,0.10462929995264858,0,31,27,4,0,34,0
blend,74,83,491,69,80,444,reduced,0.022018800023943186,0,2,0,0,0,3,0
bnl1,643,1175,5121,572,1169,5049,reduced,0.561340999964159,11,60,6,0,0,0,0
bnl2,2324,3489,13999,1906,3157,13315,reduced,2.16085689997999,44,133,34,58,1,240,0
boeing1,351,384,3485,306,380,3108,reduced,0.21827549999579787,3,38,4,0,4,0,0
boeing2,166,143,1196,129,143,1031,reduced,0.038403799990192056,26,5,0,0,6,0,0
bore3d,233,315,1429,122,206,991,reduced,0.16546150000067428,0,42,41,0,1,68,0
brandy,220,249,2148,123,207,1890,reduced,0.11249959998531267,41,55,41,0,0,1,0
capri,271,353,1767,241,307,1399,reduced,0.3187946999678388,0,16,32,0,0,14,0
cycle,1903,2857,20720,1647,2641,19276,reduced,1.8107693999772891,17,108,87,0,2,129,0
czprob,929,3523,10669,719,3086,6172,reduced,0.44528600003104657,2,190,419,0,0,18,0
d2q06c,2171,5167,32417,2069,5125,31427,reduced,1.5328451999812387,0,73,10,3,0,29,0
d6cube,415,6184,37704,403,6183,37696,reduced,0.5182457999908365,11,1,1,0,0,0,0
degen2,444,534,3978,444,534,3978,reduced,0.06506510003237054,0,0,0,0,0,0,0
degen3,1503,1818,24646,1503,1818,24646,reduced,0.2599454000010155,0,0,0,0,0,0,0
dfl001,6071,12230,35632,5984,12143,35338,reduced,3.6489828000194393,0,0,0,0,0,87,0
e226,223,282,2578,167,271,2458,reduced,0.10960069997236133,0,55,11,0,1,0,0
etamacro,400,688,2409,335,542,1870,reduced,0.4786856999853626,0,60,141,0,0,5,0
fffff800,524,854,6227,322,663,5001,reduced,0.3497268999926746,0,48,37,0,0,154,0
finnis,497,614,2310,430,546,1988,reduced,0.32391180004924536,0,62,63,0,0,5,0
fit1d,24,1026,13404,24,1026,13404,reduced,0.02130560000659898,0,0,0,0,0,0,0
fit1p,627,1677,9868,627,1677,9868,reduced,0.3570237999665551,0,0,0,0,0,0,0
fit2d,25,10500,129018,25,10500,129018,reduced,0.18493979994673282,0,0,0,0,0,0,0
fit2p,3000,13525,50284,3000,13525,50284,reduced,2.555940000049304,0,0,0,0,0,0,0
forplan,161,421,4563,121,405,4431,reduced,0.08009510004194453,26,1,3,0,0,13,0
ganges,1309,1681,6912,1113,1485,6512,reduced,0.8790261999820359,0,184,184,0,0,12,0
gfrd-pnc,616,1092,2377,590,1066,2325,reduced,0.4552541000302881,0,26,26,0,0,0,0
greenbea,2392,5405,30877,2298,5211,30081,reduced,2.700982499984093,3,73,176,0,0,18,0
greenbeb,2392,5405,30877,2297,5198,29779,reduced,1.4314710999606177,3,75,190,0,0,17,0
grow15,300,645,5620,300,645,5620,reduced,0.057658699981402606,0,0,0,0,0,0,0
grow22,440,946,8252,440,946,8252,reduced,0.07894500001566485,0,0,0,0,0,0,0
grow7,140,301,2612,140,301,2612,reduced,0.029554099950473756,0,0,0,0,0,0,0
israel,174,142,2269,163,142,2258,reduced,0.03705809998791665,0,11,0,0,0,0,0
kb2,43,41,286,43,41,286,reduced,0.006681599945295602,0,0,0,0,0,0,0
lotfi,153,308,1078,122,288,798,reduced,0.13176130002830178,0,19,8,0,0,12,0
maros-r7,3136,9408,144848,2152,7440,100486,reduced,3.197799900022801,0,0,0,984,0,984,0
maros,846,1443,9614,773,1353,8950,reduced,0.4283501000027172,2,33,52,0,0,38,0
modszk1,687,1620,3168,665,1599,3065,reduced,0.5921603000024334,1,1,1,0,0,20,0
nesm,662,2923,13288,646,2740,13054,reduced,0.5638215999933891,0,16,183,0,0,0,0
perold,625,1376,6018,612,1300,5699,reduced,0.26559959998121485,0,5,68,0,0,8,0
pilot,1441,3652,43167,1424,3438,41052,reduced,1.7325732000172138,1,7,205,0,0,9,0
pilot4,410,1000,5141,401,961,5015,reduced,0.18714490003185347,0,8,38,0,0,1,0
pilot87,2030,4883,73152,1997,4640,70545,reduced,2.424159399990458,1,14,222,3,0,18,0
pilotnov,975,2172,13057,886,1916,11900,reduced,1.1901819999911822,24,18,221,0,12,35,0
recipe,91,180,663,71,139,577,reduced,0.05231600004481152,4,4,29,0,0,12,0
sc105,105,103,280,104,103,280,reduced,0.024151999969035387,1,0,0,0,0,0,0
sc205,205,203,551,203,202,550,reduced,0.06887080002343282,1,1,1,0,0,0,0
sc50a,50,48,130,49,48,130,reduced,0.011875400028657168,1,0,0,0,0,0,0
sc50b,50,48,118,48,48,118,reduced,0.01177869999082759,2,0,0,0,0,0,0
scagr25,471,500,1554,346,498,1421,reduced,0.17903869994916022,0,124,1,0,0,1,0
scagr7,129,140,420,94,138,377,reduced,0.05106529995100573,0,34,1,0,0,1,0
scfxm1,330,457,2589,281,440,2331,reduced,0.1194647999946028,0,41,9,0,0,8,0
scfxm2,660,914,5183,562,880,4667,reduced,0.23718420002842322,0,82,18,0,0,16,0
scfxm3,990,1371,7777,843,1320,7003,reduced,0.35649450001074,0,123,27,0,0,24,0
scorpion,388,358,1426,296,334,1252,reduced,0.13305880001280457,0,91,23,0,0,1,0
scrs8,490,1169,3182,434,1117,2983,reduced,1.0845092000090517,0,36,32,0,0,20,0
scsd1,77,760,2388,77,760,2388,reduced,0.018881900003179908,0,0,0,0,0,0,0
scsd6,147,1350,4316,147,1350,4316,reduced,0.0316972000291571,0,0,0,0,0,0,0
scsd8,397,2750,8584,397,2750,8584,reduced,0.07212640001671389,0,0,0,0,0,0,0
sctap1,300,480,1692,300,480,1692,reduced,0.0509153000311926,0,0,0,0,0,0,0
sctap2,1090,1880,6714,1090,1880,6714,reduced,0.18366659997263923,0,0,0,0,0,0,0
sctap3,1480,2480,8874,1480,2480,8874,reduced,0.24716619995888323,0,0,0,0,0,0,0
seba,515,1028,4352,514,1026,4336,reduced,0.493356799997855,0,0,0,1,0,1,0
share1b,117,225,1151,110,220,1118,reduced,0.05103080003755167,0,7,5,0,0,0,0
share2b,96,79,694,93,79,691,reduced,0.02165790001163259,0,3,0,0,0,0,0
shell,536,1775,3556,487,1476,2958,reduced,0.3463608000311069,0,49,299,0,0,0,0
ship04l,402,2118,6332,356,2114,6320,reduced,0.16319649998331442,42,4,4,0,0,0,0
ship04s,402,1458,4352,268,1366,4076,reduced,0.1269062000210397,42,92,92,0,0,0,0
ship08l,778,4283,12802,688,4259,12730,reduced,0.3211260000243783,66,24,24,0,0,0,0
ship08s,778,2387,7114,416,2091,6226,reduced,0.21537079999689013,66,296,296,0,0,0,0
ship12l,1151,5427,16170,838,5223,15558,reduced,0.4110111999907531,109,204,204,0,0,0,0
ship12s,1151,2763,8178,466,2187,6450,reduced,0.25959019997389987,109,576,576,0,0,0,0
sierra,1227,2036,7302,1212,2016,7242,reduced,0.3235949000227265,5,10,20,0,0,0,0
stair,356,467,3856,356,385,3666,reduced,0.09057130001019686,0,0,82,0,0,0,0
standata,359,1075,3031,302,1037,2036,reduced,0.26802960003260523,1,47,29,0,0,9,0
standgub,361,1184,3139,303,1145,2144,reduced,0.3129149000160396,2,47,29,1,0,9,0
standmps,467,1075,3679,410,1037,2684,reduced,0.2478632999700494,1,47,29,0,0,9,0
stocfor1,117,111,447,94,96,359,reduced,0.06204320001415908,0,19,11,0,0,4,0
stocfor2,2157,2031,8343,1968,1854,7064,reduced,1.1445982999866828,0,28,16,0,0,161,0
tuff,333,587,4520,263,553,4251,reduced,0.13335319998441264,39,2,5,0,0,29,0
vtpbase,198,203,908,161,178,629,reduced,0.06274540000595152,1,31,21,0,1,4,0
wood1p,244,2594,70215,242,2593,67709,reduced,0.35479259997373447,0,1,0,0,0,1,0
