instance,solver,platform,status,objective,ref_objective,rel_err,bound,gap,time,iterations,nodes,tolerance_note,raw_status
HS21,clarabel,Windows 11 (CPU),optimal,-99.96,-99.96,0.00e+00,,,0.0003769000177,9,,1e-8,Solved
HS21,highs,Windows 11 (CPU),optimal,-99.96,-99.96,0.00e+00,,,0.001901900047,4,,,Optimal
HS21,osqp,Windows 11 (CPU),optimal,-99.96000256,-99.96,2.56e-08,,,7.479998749e-05,50,,1e-3 abs/rel,solved
HS21,osqp-tight,Windows 11 (CPU),optimal,-99.96,-99.96,0.00e+00,,,0.000103599974,75,,1e-6 abs/rel,solved
HS21,scip,Windows 11 (CPU),optimal,-99.96,-99.96,0.00e+00,-99.96,0,0.06328450004,0,1,,optimal
HS35,clarabel,Windows 11 (CPU),optimal,0.1111111183,0.1111111111,7.20e-09,,,0.0004516000045,7,,1e-8,Solved
HS35,highs,Windows 11 (CPU),optimal,0.1111111111,0.1111111111,0.00e+00,,,0.001706500014,7,,,Optimal
HS35,osqp,Windows 11 (CPU),optimal,0.1111091379,0.1111111111,1.97e-06,,,6.959994789e-05,25,,1e-3 abs/rel,solved
HS35,osqp-tight,Windows 11 (CPU),optimal,0.1111111111,0.1111111111,0.00e+00,,,9.169999976e-05,50,,1e-6 abs/rel,solved
HS35,scip,Windows 11 (CPU),optimal,0.1111107643,0.1111111111,3.47e-07,0.1111107643,0,0.07309069997,34,1,,optimal
QAFIRO,clarabel,Windows 11 (CPU),optimal,-1.590781794,-1.590781789,2.89e-09,,,0.0007332999958,14,,1e-8,Solved
QAFIRO,highs,Windows 11 (CPU),optimal,-1.590781794,-1.590781789,2.89e-09,,,0.002068799979,28,,,Optimal
QAFIRO,osqp,Windows 11 (CPU),optimal,-1.590692367,-1.590781789,5.62e-05,,,0.000195999979,150,,1e-3 abs/rel,solved
QAFIRO,osqp-tight,Windows 11 (CPU),optimal,-1.590778705,-1.590781789,1.94e-06,,,0.0002433999907,200,,1e-6 abs/rel,solved
QAFIRO,scip,Windows 11 (CPU),optimal,-1.590786352,-1.590781789,2.87e-06,-1.590786352,0,0.05446409999,25,1,,optimal
QADLITTL,clarabel,Windows 11 (CPU),optimal,480318.8586,480318.86,2.91e-09,,,0.001399600005,14,,1e-8,Solved
QADLITTL,highs,Windows 11 (CPU),optimal,480318.8585,480318.86,3.12e-09,,,0.006351299991,239,,,Optimal
QADLITTL,osqp,Windows 11 (CPU),optimal,480638.749,480318.86,6.66e-04,,,0.0047853,1150,,1e-3 abs/rel,solved
QADLITTL,osqp-tight,Windows 11 (CPU),optimal,480319.2201,480318.86,7.50e-07,,,0.005917200004,2300,,1e-6 abs/rel,solved
QADLITTL,scip,Windows 11 (CPU),optimal,480318.8573,480318.86,5.62e-09,480318.8573,0,0.176431,383,1,,optimal
CVXQP1_S,clarabel,Windows 11 (CPU),optimal,11590.71812,11590.718,1.04e-08,,,0.001477900019,9,,1e-8,Solved
CVXQP1_S,highs,Windows 11 (CPU),optimal,11590.71812,11590.718,1.04e-08,,,0.003304199956,91,,,Optimal
CVXQP1_S,osqp,Windows 11 (CPU),optimal,11592.02555,11590.718,1.13e-04,,,0.0009491000092,225,,1e-3 abs/rel,solved
CVXQP1_S,osqp-tight,Windows 11 (CPU),optimal,11590.7175,11590.718,4.31e-08,,,0.002120300021,425,,1e-6 abs/rel,solved
CVXQP1_S,scip,Windows 11 (CPU),optimal,11590.71811,11590.718,9.49e-09,11590.71811,0,0.4219283,2413,1,,optimal
DUALC1,clarabel,Windows 11 (CPU),optimal,6155.25083,6155.2508,4.87e-09,,,0.001684300019,11,,1e-8,Solved
DUALC1,highs,Windows 11 (CPU),optimal,6155.250829,6155.2508,4.71e-09,,,0.003214700031,14,,,Optimal
DUALC1,osqp,Windows 11 (CPU),optimal,6156.041593,6155.2508,1.28e-04,,,0.001822699967,400,,1e-3 abs/rel,solved
DUALC1,osqp-tight,Windows 11 (CPU),optimal,6155.250829,6155.2508,4.71e-09,,,0.003698500048,700,,1e-6 abs/rel,solved
DUALC1,scip,Windows 11 (CPU),optimal,6155.209248,6155.2508,6.75e-06,6155.209248,0,0.07352429995,25,1,,optimal
PRIMALC1,clarabel,Windows 11 (CPU),optimal,-6155.250829,-6155.2508,4.71e-09,,,0.002790700004,17,,1e-8,Solved
PRIMALC1,highs,Windows 11 (CPU),optimal,-6155.247234,-6155.2508,5.79e-07,,,0.004320800013,40,,,Optimal
PRIMALC1,osqp,Windows 11 (CPU),iteration_limit,,-6155.2508,,,,0.04382660001,4000,,1e-3 abs/rel,maximum iterations reached
PRIMALC1,osqp-tight,Windows 11 (CPU),unbounded,,-6155.2508,,,,0.004228300008,525,,1e-6 abs/rel,dual infeasible
PRIMALC1,scip,Windows 11 (CPU),optimal,-6155.250841,-6155.2508,6.66e-09,-6155.250841,0,0.1618999,325,1,,optimal
QSC205,clarabel,Windows 11 (CPU),optimal,-0.005813953276,-0.0058139535,2.24e-10,,,0.00419930002,19,,1e-8,Solved
QSC205,highs,Windows 11 (CPU),optimal,-0.005813953482,-0.0058139535,1.80e-11,,,0.005122800008,81,,,Optimal
QSC205,osqp,Windows 11 (CPU),optimal,-0.005825498359,-0.0058139535,1.15e-05,,,0.0006904000184,100,,1e-3 abs/rel,solved
QSC205,osqp-tight,Windows 11 (CPU),optimal,-0.005814023718,-0.0058139535,7.02e-08,,,0.001383700001,200,,1e-6 abs/rel,solved
QSC205,scip,Windows 11 (CPU),optimal,-0.005814571336,-0.0058139535,6.18e-07,-0.005814571336,0,0.3143184,23,1,,optimal
QSHARE2B,clarabel,Windows 11 (CPU),optimal,11703.69173,11703.692,2.31e-08,,,0.002143200021,16,,1e-8,Solved
QSHARE2B,highs,Windows 11 (CPU),optimal,11703.69172,11703.692,2.39e-08,,,0.0052517,179,,,Optimal
QSHARE2B,osqp,Windows 11 (CPU),optimal_inaccurate,11597.15036,11703.692,9.10e-03,,,0.01684259996,4000,,1e-3 abs/rel,solved inaccurate
QSHARE2B,osqp-tight,Windows 11 (CPU),iteration_limit,,11703.692,,,,4.1353231,1000000,,1e-6 abs/rel,maximum iterations reached
QSHARE2B,scip,Windows 11 (CPU),optimal,11703.69131,11703.692,5.90e-08,11703.69131,0,0.04308109998,124,1,,optimal
QPCBLEND,clarabel,Windows 11 (CPU),optimal,-0.007842542015,-0.0078425409,1.12e-09,,,0.001578999974,17,,1e-8,Solved
QPCBLEND,highs,Windows 11 (CPU),optimal,-0.007842543074,-0.0078425409,2.17e-09,,,0.006079400016,204,,,Optimal
QPCBLEND,osqp,Windows 11 (CPU),optimal,-0.009008171326,-0.0078425409,1.17e-03,,,0.0004026999814,100,,1e-3 abs/rel,solved
QPCBLEND,osqp-tight,Windows 11 (CPU),optimal,-0.007843196017,-0.0078425409,6.55e-07,,,0.00670170004,1950,,1e-6 abs/rel,solved
QPCBLEND,scip,Windows 11 (CPU),optimal,-0.007843054768,-0.0078425409,5.14e-07,-0.007843054768,0,0.3433752,988,1,,optimal
