name,m,n,nnz,tol,cpu_status,cpu_obj,cpu_time,cpu_iters,cpu_rel_err,cpu_rel_p,cpu_rel_d,cpu_rel_g,gpu_status,gpu_obj,gpu_time,gpu_iters,gpu_rel_err,gpu_rel_p,gpu_rel_d,gpu_rel_g,highs_status,highs_obj,highs_time,highs-ipm_status,highs-ipm_obj,highs-ipm_time,speedup_gpu_vs_cpu,cpu_hw,gpu_hw
datt256,11077,262144,1503732,0.0001,optimal,255.9999957162201,5.288222400005907,704,1.6734725605240536e-08,7.811049309920444e-06,0.0,9.18749959682506e-05,optimal,256.0000071606335,0.9798157999757677,640,2.7970014304622988e-08,6.871870605548376e-06,0.0,1.992720078786973e-05,Optimal,256.00000000030985,258.8173531999928,Unknown,255.99999999626692,113.73529949999647,5.3971597520030725,"Intel64 Family 6 Model 141 Stepping 1, GenuineIntel, 12 logical cores","NVIDIA GeForce RTX 3050 Laptop GPU, 4096 MiB, 616.92"
ex10,69608,17680,1162000,0.0001,optimal,99.99992853056611,0.988950900034979,320,7.161908835169286e-07,2.4711147381226212e-05,0.0,6.324047516870977e-05,optimal,99.99992853332748,0.5454908999963664,320,7.161632698367387e-07,2.47106999853539e-05,0.0,6.330448477071245e-05,Optimal,100.00000014965457,28.790714300004765,Unknown,100.00025095161061,21.317268099985085,1.812955816571031,"Intel64 Family 6 Model 141 Stepping 1, GenuineIntel, 12 logical cores","NVIDIA GeForce RTX 3050 Laptop GPU, 4096 MiB, 616.92"
neos-5052403-cygnet,38268,32868,4898304,0.0001,optimal,179.49943912169172,67.48823359998642,10048,5.191713401732299e-06,3.5290459571007636e-06,0.0,9.839990590753907e-05,optimal,179.49931439565813,15.332704399945214,10048,5.886564520257368e-06,3.68479954081795e-06,0.0,9.892606368703197e-05,Optimal,179.50037103617365,49.446005299978424,Optimal,179.5010032767061,108.47000530001242,4.401587080764927,"Intel64 Family 6 Model 141 Stepping 1, GenuineIntel, 12 logical cores","NVIDIA GeForce RTX 3050 Laptop GPU, 4096 MiB, 616.92"
qap15,6330,22275,94950,0.0001,optimal,1041.0161966739454,8.90503250004258,2880,2.1283259772796528e-05,9.922918319801823e-05,3.504424296645796e-06,1.1307103236472477e-05,optimal,1041.017785922139,0.5648816000320949,2944,2.2809923837225013e-05,9.435378349147646e-05,3.312153775972178e-06,1.2163407119776636e-05,Optimal,1040.9940409273504,36.9773374000215,Unknown,1041.0521863533318,27.040363600011915,15.764423021632538,"Intel64 Family 6 Model 141 Stepping 1, GenuineIntel, 12 logical cores","NVIDIA GeForce RTX 3050 Laptop GPU, 4096 MiB, 616.92"
rail01,46843,117527,392086,0.0001,time_limit,-92.10240357143127,300.07444220001344,74688,0.00016401695598489352,0.00036666220692712964,0.0,0.0010109464806040557,optimal,-92.10871458441007,52.29638090002118,116864,0.00023254989157805888,9.920731141446073e-05,0.0,7.283534012322966e-05,Optimal,-92.08729969285078,85.7691654000082,Optimal,-92.08617509025542,67.07472209999105,nan,"Intel64 Family 6 Model 141 Stepping 1, GenuineIntel, 12 logical cores","NVIDIA GeForce RTX 3050 Laptop GPU, 4096 MiB, 616.92"
rail02,95791,270869,756228,0.0001,time_limit,-207.07608202983488,300.07017220003763,75968,0.002254884783801785,6.577298923547608e-05,0.0,0.014114692847734285,optimal,-206.64213861611447,103.55444189999253,136512,0.0001545847305180812,9.987961946508735e-05,0.0,6.398423575382797e-05,Optimal,-206.61019983405083,254.2969935000292,Optimal,-206.60713949715372,240.8058484000503,nan,"Intel64 Family 6 Model 141 Stepping 1, GenuineIntel, 12 logical cores","NVIDIA GeForce RTX 3050 Laptop GPU, 4096 MiB, 616.92"
rmine15,358395,42438,879732,0.0001,optimal,-5041.836398167828,135.76171609997982,18624,nan,6.28563149768366e-05,0.0,8.09151714468838e-05,optimal,-5041.763020733486,18.904855200031307,14080,nan,7.383412937607117e-05,0.0,9.019420106448442e-05,Time limit reached,-4809.1232758159895,300.2523243999458,Time limit reached,-4809.1232758159895,300.24715210002614,7.181314782022504,"Intel64 Family 6 Model 141 Stepping 1, GenuineIntel, 12 logical cores","NVIDIA GeForce RTX 3050 Laptop GPU, 4096 MiB, 616.92"
s100,14733,364417,1777917,0.0001,time_limit,-0.18154046826512465,300.6242319000303,23424,0.010484834862866,1.2785683665031613e-07,0.0,0.032747546986346826,time_limit,-0.17110666084549092,300.16454900003737,204288,5.102744323226549e-05,8.074554876195636e-09,0.0,0.0001896862910622508,Time limit reached,0.0,300.42711039999267,Unknown,-0.17105563340225866,295.48832150001545,nan,"Intel64 Family 6 Model 141 Stepping 1, GenuineIntel, 12 logical cores","NVIDIA GeForce RTX 3050 Laptop GPU, 4096 MiB, 616.92"
s250r10,10962,273142,1318607,0.0001,optimal,-0.39072616401714955,48.265170600032434,4288,0.2180491257109408,3.6843441694378983e-06,0.0,8.715713230399757e-05,optimal,-0.17333967642720757,167.54743959999178,159168,0.0006626381209988152,2.2206699107310364e-08,0.0,9.775571308324359e-05,Optimal,-0.17267703830620876,159.75692259997595,Unknown,2.8274117639152854,272.53360640001483,0.2880686849960959,"Intel64 Family 6 Model 141 Stepping 1, GenuineIntel, 12 logical cores","NVIDIA GeForce RTX 3050 Laptop GPU, 4096 MiB, 616.92"
savsched1,295989,328575,1770507,0.0001,optimal,217.3852768940949,8.594917299982626,640,8.415011282823162e-05,2.5444556489920064e-06,1.556506969246609e-08,5.425746208643185e-05,optimal,217.38357281917752,3.1470669000409544,640,9.19884151439114e-05,2.57404189359785e-06,6.392088491315253e-09,5.510011319631893e-05,Unknown,217.4035714291599,77.95514760003425,Unknown,217.40358543704477,54.434584100032225,2.7310882078391074,"Intel64 Family 6 Model 141 Stepping 1, GenuineIntel, 12 logical cores","NVIDIA GeForce RTX 3050 Laptop GPU, 4096 MiB, 616.92"
square41,40160,62234,13566426,0.0001,time_limit,8.085620716304875,300.7257741999929,11392,0.08529692576767418,0.0016256925051376817,0.0002613163656751003,0.0496511421451217,time_limit,8.841207228601748,300.19180690002395,109760,0.0001804086134368551,9.340671487680557e-05,3.194825183788207e-07,0.00018442668692176945,Optimal,8.839612486369763,86.22913539997535,Unknown,8.839798722299635,73.35397789999843,nan,"Intel64 Family 6 Model 141 Stepping 1, GenuineIntel, 12 logical cores","NVIDIA GeForce RTX 3050 Laptop GPU, 4096 MiB, 616.92"
