name,m,n,nnz,tol,cpu_status,cpu_obj,cpu_time,cpu_iters,cpu_rel_err,cpu_rel_p,cpu_rel_d,cpu_rel_g,gpu_status,gpu_obj,gpu_time,gpu_iters,gpu_rel_err,gpu_rel_p,gpu_rel_d,gpu_rel_g,highs_status,highs_obj,highs_time,highs-ipm_status,highs-ipm_obj,highs-ipm_time,speedup_gpu_vs_cpu,cpu_hw,gpu_hw,cpu_threads,ref_source,note
datt256,11077,262144,1503732,0.0001,optimal,256.00000715299,2.0397665999480523,640,2.7940156854777175e-08,6.854276555229961e-06,0.0,9.231882386861936e-06,optimal,256.0000075075961,0.8074526999844238,640,2.93253368255009e-08,7.032758842359891e-06,0.0,2.7112875317163326e-05,Optimal,256.00000000030985,258.8173531999928,Unknown,255.99999999626692,113.73529949999647,2.5261747220455146,"Intel64 Family 6 Model 141 Stepping 1, GenuineIntel, 12 logical cores","NVIDIA GeForce RTX 3050 Laptop GPU, 4096 MiB, 616.92",5,highs (Optimal),cpu/gpu: rerun; highs: run 1 (see *_run1.csv); MIPs solved as LP relaxations
ex10,69608,17680,1162000,0.0001,optimal,99.99992853297522,0.5007989999721758,320,7.161667924234003e-07,2.47107253795966e-05,0.0,6.330327931902172e-05,optimal,99.99992853476117,0.40682179998839274,320,7.161489329317636e-07,2.4710597748140792e-05,0.0,6.330916434704404e-05,Optimal,100.00000014965457,28.790714300004765,Unknown,100.00025095161061,21.317268099985085,1.2310033532776867,"Intel64 Family 6 Model 141 Stepping 1, GenuineIntel, 12 logical cores","NVIDIA GeForce RTX 3050 Laptop GPU, 4096 MiB, 616.92",5,highs (Optimal),cpu/gpu: rerun; highs: run 1 (see *_run1.csv); MIPs solved as LP relaxations
neos-5052403-cygnet,38268,32868,4898304,0.0001,optimal,179.49930912813218,50.32546469999943,10112,5.9159100080646696e-06,3.5921918414559104e-06,0.0,9.77698097036216e-05,optimal,179.468500639514,8.740978499990888,7232,0.00017755058931456582,4.487402555061815e-05,0.0,9.909145690816208e-05,Optimal,179.50037103617365,49.446005299978424,Optimal,179.5010032767061,108.47000530001242,5.757417742195784,"Intel64 Family 6 Model 141 Stepping 1, GenuineIntel, 12 logical cores","NVIDIA GeForce RTX 3050 Laptop GPU, 4096 MiB, 616.92",5,highs (Optimal),cpu/gpu: rerun; highs: run 1 (see *_run1.csv); MIPs solved as LP relaxations
qap15,6330,22275,94950,0.0001,optimal,1041.017629598099,0.4232911000144668,2880,2.265975579214805e-05,9.941881412765573e-05,3.4822338264865632e-06,1.2003813690521742e-05,optimal,1041.0158342461061,0.28803419996984303,2880,2.0935104235863114e-05,9.869325152237885e-05,3.5006341768202496e-06,1.1206185875073268e-05,Optimal,1040.9940409273504,36.9773374000215,Unknown,1041.0521863533318,27.040363600011915,1.46958625072573,"Intel64 Family 6 Model 141 Stepping 1, GenuineIntel, 12 logical cores","NVIDIA GeForce RTX 3050 Laptop GPU, 4096 MiB, 616.92",5,highs (Optimal),cpu/gpu: rerun; highs: run 1 (see *_run1.csv); MIPs solved as LP relaxations
rail01,46843,117527,392086,0.0001,optimal,-92.0992426246912,93.24166820000391,93696,0.00012969141108771308,9.986095965037415e-05,0.0,9.1801615431984e-06,optimal,-92.0930912584112,37.141432799980976,107200,6.289212062625683e-05,9.995837581013337e-05,0.0,2.2280670524400927e-06,Optimal,-92.08729969285078,85.7691654000082,Optimal,-92.08617509025542,67.07472209999105,2.510448875307031,"Intel64 Family 6 Model 141 Stepping 1, GenuineIntel, 12 logical cores","NVIDIA GeForce RTX 3050 Laptop GPU, 4096 MiB, 616.92",5,highs (Optimal),cpu/gpu: rerun; highs: run 1 (see *_run1.csv); MIPs solved as LP relaxations
rail02,95791,270869,756228,0.0001,time_limit,-206.7241894952167,300.1665842999937,122880,0.0005517136194506882,0.00025938337046198516,0.0,3.434670306504826e-05,optimal,-206.7302417838556,91.99297409999417,148352,0.0005810068907594584,9.970405355793166e-05,0.0,7.472555566378381e-05,Optimal,-206.61019983405083,254.2969935000292,Optimal,-206.60713949715372,240.8058484000503,nan,"Intel64 Family 6 Model 141 Stepping 1, GenuineIntel, 12 logical cores","NVIDIA GeForce RTX 3050 Laptop GPU, 4096 MiB, 616.92",5,highs (Optimal),cpu/gpu: rerun; highs: run 1 (see *_run1.csv); MIPs solved as LP relaxations
rmine15,358395,42438,879732,0.0001,optimal,-5041.804791348141,37.30666499998188,14336,nan,5.604866516075826e-05,0.0,9.825706961741916e-05,optimal,-5041.938706617494,15.92923539999174,13824,nan,9.515953970272317e-05,0.0,7.475240947890709e-05,Time limit reached,-4809.1232758159895,300.2523243999458,Time limit reached,-4809.1232758159895,300.24715210002614,2.3420248406901703,"Intel64 Family 6 Model 141 Stepping 1, GenuineIntel, 12 logical cores","NVIDIA GeForce RTX 3050 Laptop GPU, 4096 MiB, 616.92",5,none (HiGHS hit the 300 s limit),cpu/gpu: rerun; highs: run 1 (see *_run1.csv); MIPs solved as LP relaxations
s100,14733,364417,1777917,0.0001,time_limit,-0.1775547631096107,300.141079300025,56384,0.006499129707352058,5.388970586872515e-08,0.0,0.09091734498987553,time_limit,-0.1702871832044771,300.09839120000834,230784,0.000768450197781545,4.946339980819334e-07,0.0,0.0006806915222249921,Time limit reached,0.0,300.42711039999267,Unknown,-0.17105563340225866,295.48832150001545,nan,"Intel64 Family 6 Model 141 Stepping 1, GenuineIntel, 12 logical cores","NVIDIA GeForce RTX 3050 Laptop GPU, 4096 MiB, 616.92",5,highs-ipm (Unknown),cpu/gpu: rerun; highs: run 1 (see *_run1.csv); MIPs solved as LP relaxations
s250r10,10962,273142,1318607,0.0001,time_limit,-0.13965400178150286,300.05352539999876,90880,nan,4.3964165974350167e-07,0.0,0.035563250694519676,optimal,-0.17264780173858163,200.32256300002337,220352,nan,1.1560406283639454e-08,0.0,6.775961351450947e-05,Optimal,-0.17267703830620876,159.75692259997595,Unknown,2.8274117639152854,272.53360640001483,4.152489968183808,"Intel64 Family 6 Model 141 Stepping 1, GenuineIntel, 12 logical cores","NVIDIA GeForce RTX 3050 Laptop GPU, 4096 MiB, 616.92",5,highs (Optimal),cpu/gpu: rerun; highs: run 1 (see *_run1.csv); MIPs solved as LP relaxations
savsched1,295989,328575,1770507,0.0001,optimal,217.41204286357313,4.278047900006641,704,3.896639948246718e-05,4.475842615549342e-06,2.8396505978373316e-07,1.8336153362264537e-05,optimal,217.38596320051246,1.0672478000051342,640,8.0993281442869e-05,2.559582170952352e-06,1.3435424208049781e-08,6.171474813757645e-05,Unknown,217.4035714291599,77.95514760003425,Unknown,217.40358543704477,54.434584100032225,4.008486032940111,"Intel64 Family 6 Model 141 Stepping 1, GenuineIntel, 12 logical cores","NVIDIA GeForce RTX 3050 Laptop GPU, 4096 MiB, 616.92",5,highs (Unknown),cpu/gpu: rerun; highs: run 1 (see *_run1.csv); MIPs solved as LP relaxations
square41,40160,62234,13566426,0.0001,time_limit,8.353694983923965,300.81364469998516,12736,0.05497045296895739,0.0011046734744107516,0.0003151521882085736,0.04240095858014764,optimal,8.837786074968392,264.7060080000083,97408,0.00020661668191759646,9.976743187749637e-05,2.9144276039172185e-07,1.900416687913755e-05,Optimal,8.839612486369763,86.22913539997535,Unknown,8.839798722299635,73.35397789999843,nan,"Intel64 Family 6 Model 141 Stepping 1, GenuineIntel, 12 logical cores","NVIDIA GeForce RTX 3050 Laptop GPU, 4096 MiB, 616.92",5,highs (Optimal),cpu/gpu: rerun; highs: run 1 (see *_run1.csv); MIPs solved as LP relaxations
