name,m,n,nnz,tol,gpu_status,gpu_obj,gpu_time,gpu_iters,gpu_rel_err,gpu_rel_p,gpu_rel_d,gpu_rel_g,speedup_gpu_vs_cpu,cpu_hw,gpu_hw
datt256,11077,262144,1503732,0.0001,optimal,256.0000075075961,0.8074526999844238,640,nan,7.032758842359891e-06,0.0,2.7112875317163326e-05,,"Intel64 Family 6 Model 141 Stepping 1, GenuineIntel, 12 logical cores","NVIDIA GeForce RTX 3050 Laptop GPU, 4096 MiB, 616.92"
ex10,69608,17680,1162000,0.0001,optimal,99.99992853476117,0.40682179998839274,320,nan,2.4710597748140792e-05,0.0,6.330916434704404e-05,,"Intel64 Family 6 Model 141 Stepping 1, GenuineIntel, 12 logical cores","NVIDIA GeForce RTX 3050 Laptop GPU, 4096 MiB, 616.92"
neos-5052403-cygnet,38268,32868,4898304,0.0001,optimal,179.468500639514,8.740978499990888,7232,nan,4.487402555061815e-05,0.0,9.909145690816208e-05,,"Intel64 Family 6 Model 141 Stepping 1, GenuineIntel, 12 logical cores","NVIDIA GeForce RTX 3050 Laptop GPU, 4096 MiB, 616.92"
qap15,6330,22275,94950,0.0001,optimal,1041.0158342461061,0.28803419996984303,2880,nan,9.869325152237885e-05,3.5006341768202496e-06,1.1206185875073268e-05,,"Intel64 Family 6 Model 141 Stepping 1, GenuineIntel, 12 logical cores","NVIDIA GeForce RTX 3050 Laptop GPU, 4096 MiB, 616.92"
rail01,46843,117527,392086,0.0001,optimal,-92.0930912584112,37.141432799980976,107200,nan,9.995837581013337e-05,0.0,2.2280670524400927e-06,,"Intel64 Family 6 Model 141 Stepping 1, GenuineIntel, 12 logical cores","NVIDIA GeForce RTX 3050 Laptop GPU, 4096 MiB, 616.92"
rail02,95791,270869,756228,0.0001,optimal,-206.7302417838556,91.99297409999417,148352,nan,9.970405355793166e-05,0.0,7.472555566378381e-05,,"Intel64 Family 6 Model 141 Stepping 1, GenuineIntel, 12 logical cores","NVIDIA GeForce RTX 3050 Laptop GPU, 4096 MiB, 616.92"
rmine15,358395,42438,879732,0.0001,optimal,-5041.938706617494,15.92923539999174,13824,nan,9.515953970272317e-05,0.0,7.475240947890709e-05,,"Intel64 Family 6 Model 141 Stepping 1, GenuineIntel, 12 logical cores","NVIDIA GeForce RTX 3050 Laptop GPU, 4096 MiB, 616.92"
s100,14733,364417,1777917,0.0001,time_limit,-0.1702871832044771,300.09839120000834,230784,nan,4.946339980819334e-07,0.0,0.0006806915222249921,,"Intel64 Family 6 Model 141 Stepping 1, GenuineIntel, 12 logical cores","NVIDIA GeForce RTX 3050 Laptop GPU, 4096 MiB, 616.92"
s250r10,10962,273142,1318607,0.0001,optimal,-0.39071135039064087,3.3683442000183277,3584,nan,3.661711075030654e-06,0.0,8.671391451173226e-05,,"Intel64 Family 6 Model 141 Stepping 1, GenuineIntel, 12 logical cores","NVIDIA GeForce RTX 3050 Laptop GPU, 4096 MiB, 616.92"
savsched1,295989,328575,1770507,0.0001,optimal,217.38596320051246,1.0672478000051342,640,nan,2.559582170952352e-06,1.3435424208049781e-08,6.171474813757645e-05,,"Intel64 Family 6 Model 141 Stepping 1, GenuineIntel, 12 logical cores","NVIDIA GeForce RTX 3050 Laptop GPU, 4096 MiB, 616.92"
square41,40160,62234,13566426,0.0001,optimal,8.837786074968392,264.7060080000083,97408,nan,9.976743187749637e-05,2.9144276039172185e-07,1.900416687913755e-05,,"Intel64 Family 6 Model 141 Stepping 1, GenuineIntel, 12 logical cores","NVIDIA GeForce RTX 3050 Laptop GPU, 4096 MiB, 616.92"
