name,m,n,nnz,tol,cpu_status,cpu_obj,cpu_time,cpu_iters,cpu_rel_err,cpu_rel_p,cpu_rel_d,cpu_rel_g,speedup_gpu_vs_cpu,cpu_hw,gpu_hw
datt256,11077,262144,1503732,0.0001,optimal,256.00000715299,2.0397665999480523,640,nan,6.854276555229961e-06,0.0,9.231882386861936e-06,,"Intel64 Family 6 Model 141 Stepping 1, GenuineIntel, 12 logical cores","NVIDIA GeForce RTX 3050 Laptop GPU, 4096 MiB, 616.92"
ex10,69608,17680,1162000,0.0001,optimal,99.99992853297522,0.5007989999721758,320,nan,2.47107253795966e-05,0.0,6.330327931902172e-05,,"Intel64 Family 6 Model 141 Stepping 1, GenuineIntel, 12 logical cores","NVIDIA GeForce RTX 3050 Laptop GPU, 4096 MiB, 616.92"
neos-5052403-cygnet,38268,32868,4898304,0.0001,optimal,179.49930912813218,50.32546469999943,10112,nan,3.5921918414559104e-06,0.0,9.77698097036216e-05,,"Intel64 Family 6 Model 141 Stepping 1, GenuineIntel, 12 logical cores","NVIDIA GeForce RTX 3050 Laptop GPU, 4096 MiB, 616.92"
qap15,6330,22275,94950,0.0001,optimal,1041.017629598099,0.4232911000144668,2880,nan,9.941881412765573e-05,3.4822338264865632e-06,1.2003813690521742e-05,,"Intel64 Family 6 Model 141 Stepping 1, GenuineIntel, 12 logical cores","NVIDIA GeForce RTX 3050 Laptop GPU, 4096 MiB, 616.92"
rail01,46843,117527,392086,0.0001,optimal,-92.0992426246912,93.24166820000391,93696,nan,9.986095965037415e-05,0.0,9.1801615431984e-06,,"Intel64 Family 6 Model 141 Stepping 1, GenuineIntel, 12 logical cores","NVIDIA GeForce RTX 3050 Laptop GPU, 4096 MiB, 616.92"
rail02,95791,270869,756228,0.0001,time_limit,-206.7241894952167,300.1665842999937,122880,nan,0.00025938337046198516,0.0,3.434670306504826e-05,,"Intel64 Family 6 Model 141 Stepping 1, GenuineIntel, 12 logical cores","NVIDIA GeForce RTX 3050 Laptop GPU, 4096 MiB, 616.92"
rmine15,358395,42438,879732,0.0001,optimal,-5041.804791348141,37.30666499998188,14336,nan,5.604866516075826e-05,0.0,9.825706961741916e-05,,"Intel64 Family 6 Model 141 Stepping 1, GenuineIntel, 12 logical cores","NVIDIA GeForce RTX 3050 Laptop GPU, 4096 MiB, 616.92"
s100,14733,364417,1777917,0.0001,time_limit,-0.1775547631096107,300.141079300025,56384,nan,5.388970586872515e-08,0.0,0.09091734498987553,,"Intel64 Family 6 Model 141 Stepping 1, GenuineIntel, 12 logical cores","NVIDIA GeForce RTX 3050 Laptop GPU, 4096 MiB, 616.92"
s250r10,10962,273142,1318607,0.0001,optimal,-0.3907095858145842,13.987015499966219,3584,nan,3.6618930151421823e-06,0.0,6.507494193746522e-05,,"Intel64 Family 6 Model 141 Stepping 1, GenuineIntel, 12 logical cores","NVIDIA GeForce RTX 3050 Laptop GPU, 4096 MiB, 616.92"
savsched1,295989,328575,1770507,0.0001,optimal,217.41204286357313,4.278047900006641,704,nan,4.475842615549342e-06,2.8396505978373316e-07,1.8336153362264537e-05,,"Intel64 Family 6 Model 141 Stepping 1, GenuineIntel, 12 logical cores","NVIDIA GeForce RTX 3050 Laptop GPU, 4096 MiB, 616.92"
square41,40160,62234,13566426,0.0001,time_limit,8.353694983923965,300.81364469998516,12736,nan,0.0011046734744107516,0.0003151521882085736,0.04240095858014764,,"Intel64 Family 6 Model 141 Stepping 1, GenuineIntel, 12 logical cores","NVIDIA GeForce RTX 3050 Laptop GPU, 4096 MiB, 616.92"
