name,m,n,nint,nnz,status,obj,bound,gap,ref_status,ref_obj,rel_err,time,ref_time,nodes,iters,row_viol,int_viol
10teams,230,2025,1800,12150,time_limit,nan,916.9999999999998,nan,Optimal,924.0000000000005,nan,60.03603599994676,1.892836700018961,288,158214,nan,nan
air03,124,10757,10757,91028,optimal,340160.0,340160.0,0.0,Optimal,340160.0,0.0,1.2321138000115752,3.6802483000210486,3,907,0.0,0.0
air04,823,8904,8904,72965,time_limit,56411.0,55648.0,0.013525730797184946,Time limit reached,56212.00000000002,0.0035401693588553705,61.72865060000913,60.061418000026606,54,65473,0.0,0.0
air05,426,7195,7195,52121,time_limit,27515.0,25962.0,0.05644194075958568,Optimal,26374.00000000001,0.043262303784029295,60.35320840001805,42.876957100001164,69,72211,0.0,0.0
arki001,1048,1388,538,20439,time_limit,nan,7580253.67648755,nan,Time limit reached,7583562.441035426,nan,60.04000870004529,60.010430500027724,3196,24326,nan,nan
bell3a,123,133,71,347,time_limit,878430.3160000001,877554.3909777778,0.0009971479880281527,Optimal,878430.3159999857,1.643328974832439e-14,60.03508530004183,1.2834645000402816,29291,62428,5.684341886080802e-14,0.0
bell5,91,104,58,266,time_limit,8994246.4246,8957996.152902871,0.004030384535382612,Optimal,8966406.49152,0.0031049153422085672,60.08465899998555,1.34280750004109,24970,50122,9.094947017729282e-13,0.0
blend2,274,353,264,1409,optimal,7.598984999999999,7.598984999999999,0.0,Optimal,7.598985,1.168811913301744e-16,48.11218250001548,4.151841600018088,4985,64145,0.0,0.0
cap6000,2176,6000,6000,48243,optimal,-2451325.0,-2451325.0,0.0,Optimal,-2451279.0,1.8765713735564168e-05,11.83196979999775,3.8920102000120096,23,1691,0.0,0.0
dano3mip,3202,13873,552,79655,time_limit,nan,-inf,nan,Time limit reached,inf,nan,60.107338799978606,60.05149049998727,0,14254,nan,nan
danoint,664,521,56,3232,time_limit,nan,62.69,nan,Time limit reached,66.49999999999979,nan,60.703489399980754,60.03077439998742,109,120630,nan,nan
dcmulti,290,548,75,1315,optimal,188188.9,188188.9,0.0,Optimal,188182.0,3.6666631239938884e-05,8.493916699953843,2.9032976999878883,111,20025,1.1368683772161603e-13,0.0
dsbmip,1182,1886,192,7366,optimal,-305.1981750094808,-305.1981750094808,0.0,Optimal,-305.1981750094818,3.3525152614780752e-15,56.39051689999178,1.0878739000181668,300,61505,2.9103830456733704e-11,0.0
egout,98,141,55,282,optimal,568.1006999999998,568.1006999999998,0.0,Optimal,568.1007000000001,4.0023480950337155e-16,0.9269972000038251,0.06191050005145371,23,2280,2.060775161627505e-14,0.0
enigma,21,100,100,289,optimal,0.0,0.0,0.0,Optimal,0.0,0.0,7.187624699959997,0.5894191000261344,1250,11736,0.0,0.0
fast0507,507,63009,63009,409349,time_limit,nan,173.0,nan,Time limit reached,180.0,nan,61.21864480001386,60.04973099997733,0,6853,nan,nan
fiber,363,1298,1254,2944,time_limit,508517.67,390577.5004688592,0.2319293438340909,Optimal,405935.17999999196,0.2527065774393095,60.10884539998369,3.245968199975323,674,72661,2.2737367544323206e-13,0.0
fixnet6,478,878,378,1756,time_limit,7293.0,2981.288,0.5912123954476896,Optimal,3983.0,0.8310318855134321,60.020195199991576,7.295400300004985,2235,28115,5.684341886080802e-14,0.0
flugpl,18,18,11,46,optimal,1201500.0,1201500.0,0.0,Optimal,1201500.0,0.0,0.27289889997337013,0.16964409995125607,295,712,0.0,0.0
gen,780,870,150,2592,optimal,112313.362718,112313.362718,0.0,Optimal,112313.362718,0.0,5.902413100004196,0.03694510000059381,201,8732,5.684341886080802e-14,0.0
gesa2,1392,1224,408,5064,time_limit,27117869.32177792,25720194.301529143,0.05154073882664255,Optimal,25779856.371697918,0.0519014897053082,60.034456000023056,1.9150436999625526,2121,19589,5.684341886080802e-14,0.0
gesa2_o,1248,1224,720,3672,time_limit,26333552.62695003,25771929.408660606,0.021327286380442748,Optimal,25779856.371697918,0.02147786423899475,60.09465280000586,3.2953506999765523,3800,45826,1.7915674566587485e-12,0.0
gesa3,1368,1152,384,4944,optimal,27991042.648382682,27991042.648382682,0.0,Optimal,27991042.648381937,2.6617731574048814e-14,37.30713990004733,3.284215099993162,1282,37931,1.7053025658242404e-13,0.0
gesa3_o,1224,1152,672,3624,optimal,27991042.648382686,27991042.648382686,0.0,Optimal,27991042.64838267,5.323546314809623e-16,13.536632999952417,2.479401799966581,294,24198,1.1368683772161603e-13,0.0
gt2,29,188,188,376,optimal,21166.0,21166.0,0.0,Optimal,21166.0,0.0,1.712791499972809,0.06844709999859333,846,4836,0.0,0.0
harp2,112,2993,2993,5840,time_limit,-71828472.0,-74100707.0,0.03163418261215413,Optimal,-73899553.0,0.028025622834281554,60.0607549000415,24.574942799983546,2238,90675,0.0,0.0
khb05250,101,1350,24,2700,optimal,106940226.0,106940226.0,0.0,Optimal,106940226.0,0.0,1.6794641999877058,0.39483370003290474,85,2951,1.8189894035458565e-12,0.0
l152lav,97,1989,1989,9922,optimal,4722.0,4722.0,0.0,Optimal,4722.0,0.0,56.3296722000232,4.203942299995106,569,99628,0.0,0.0
lseu,28,89,89,309,optimal,1120.0,1120.0,0.0,Optimal,1120.0000000000002,2.0301221021717145e-16,38.86712989996886,0.46171960001811385,38816,107956,0.0,0.0
markshare1,6,62,50,312,time_limit,71.00000000000009,0.0,1.0,Time limit reached,26.999999999999936,1.629629629629639,60.05710100004217,60.00933289999375,53129,752189,0.0,0.0
markshare2,7,74,60,434,time_limit,nan,0.0,nan,Time limit reached,40.999999999999766,nan,60.00110540003516,60.003657899971586,0,887124,nan,nan
mas74,13,151,150,1706,time_limit,12349.448580000002,11056.284527119802,0.10471431533991615,Time limit reached,12161.371258189667,0.015465141045149873,60.07925149996299,60.00799240003107,42525,270334,0.0,0.0
mas76,12,151,150,1640,time_limit,41527.12384910079,39333.94396084165,0.05281319015081824,Time limit reached,40005.054141,0.03804693533812431,23082.45033359999,60.01098089996958,13338,70391,0.0,0.0
misc03,96,160,159,2053,optimal,3359.9999999999977,3359.9999999999977,0.0,Optimal,3359.9999999999955,6.767073673905726e-16,30.981744799995795,1.4708840000093915,914,66463,2.2737367544323206e-12,0.0
misc06,820,1808,112,5859,optimal,12850.86073738254,12850.86073738254,0.0,Optimal,12851.076291564139,1.677323958777229e-05,4.126352299994323,0.43703869997989386,54,3818,1.5489831639570184e-12,0.0
misc07,212,260,259,8619,time_limit,3280.0000000000105,2055.357142857144,0.3733667247386776,Optimal,2809.999999999964,0.16725978647688697,60.01970799994888,56.863744299975224,1709,143438,1.0459189070388675e-11,0.0
mitre,2054,10724,10724,39704,time_limit,nan,115155.0,nan,Optimal,115155.0,nan,60.833486400020774,3.48932719998993,48,27081,nan,nan
mkc,3411,5325,5323,17038,time_limit,nan,-592.156322478995,nan,Time limit reached,-548.892,nan,60.811806500016246,60.04228100000182,0,57663,nan,nan
mod008,6,319,319,1243,time_limit,307.0,305.0,0.006514657980456026,Optimal,306.99999999999767,7.591466362518391e-15,60.01887219998753,8.08920719998423,14189,74559,0.0,0.0
mod010,146,2655,2655,11203,optimal,6548.0,6548.0,0.0,Optimal,6548.0,0.0,6.4097718999837525,3.8054310000152327,1,3785,0.0,0.0
mod011,4480,10958,96,22254,time_limit,-2.147204429679117e-09,-61865449.895219184,61865449.895219184,Time limit reached,-53537950.10254032,1.0,64.11248040001374,60.05977290001465,6,19615,1.3895340513614177e-12,0.0
modglob,291,422,98,968,time_limit,22716110.571786452,20636447.940721426,0.09155011922014412,Optimal,20740508.08630824,0.09525333117477469,60.19017989997519,3.9551314000273123,6088,53451,1.9113599591946695e-12,0.0
noswot,182,128,100,735,time_limit,-41.0,-43.0,0.04878048780487805,Time limit reached,-41.0,0.0,60.06198649998987,60.01300460001221,16784,150312,7.105427357601002e-15,0.0
nw04,36,87482,87482,636666,optimal,16862.0,16862.0,0.0,Time limit reached,inf,nan,23.764681799977552,91.23116409999784,1,802,0.0,0.0
p0033,16,33,33,98,optimal,3089.0,3089.0,0.0,Optimal,3088.999999999999,2.9443013977757476e-16,0.7746354000410065,0.08061060000909492,445,1431,0.0,0.0
p0201,133,201,201,1923,optimal,7615.0,7615.0,0.0,Optimal,7614.999999997075,3.8410176768258184e-13,20.352152100007515,1.818036500015296,432,60292,0.0,0.0
p0282,241,282,282,1966,optimal,258411.0,258411.0,0.0,Optimal,258411.0,0.0,11.354946299979929,0.9125601000268944,1190,9207,0.0,0.0
p0548,176,548,548,1711,optimal,8691.0,8691.0,0.0,Optimal,8691.0,0.0,55.29495459998725,0.1997500999714248,7378,48760,0.0,0.0
p2756,755,2756,2756,8937,time_limit,17480.0,3120.0,0.8215102974828375,Optimal,3124.0,4.59539052496799,60.2276753000333,1.142461299954448,1042,16018,0.0,0.0
pk1,45,86,55,915,time_limit,19.000000000000004,4.348480707088449,0.7711325943637659,Time limit reached,13.999999999999915,0.35714285714286564,60.059703000006266,60.01234299998032,24629,268485,1.1368683772161603e-13,0.0
pp08a,136,240,64,480,time_limit,7690.000000000001,7159.17299488151,0.06902821913114315,Optimal,7350.0,0.046258503401360666,60.04771539999638,5.069647500000428,11286,129376,7.958078640513122e-13,0.0
pp08aCUTS,246,240,64,839,time_limit,8149.999999999998,7134.004252120212,0.124662054954575,Optimal,7349.999999999994,0.1088435374149667,60.050440899969544,4.149876200011931,14520,177803,1.1368683772161603e-13,0.0
qiu,1192,840,48,3432,time_limit,115.9369605857198,-629.6307201776704,6.430802368776462,Time limit reached,-128.46691694699626,1.9024655011652054,60.58272629999556,60.0172154000029,146,92710,4.263256414560601e-14,0.0
qnet1,503,1541,1417,4622,time_limit,21353.542275,14921.84683488536,0.30120039838283175,Optimal,16029.692681,0.33212424591959644,60.647169600008056,4.020497499965131,36,29220,0.0,0.0
qnet1_o,456,1541,1417,4214,time_limit,nan,14188.228164551681,nan,Optimal,16029.692680999662,nan,60.8453805000172,4.059722899983171,0,13062,nan,nan
rentacar,6803,9557,55,41842,time_limit,nan,28932117.680136703,nan,Optimal,30356760.984145913,nan,70.71685610001441,43.6491803000099,27,19674,nan,nan
rgn,24,180,100,460,optimal,82.19999923999676,82.19999923999676,0.0,Optimal,82.19999923999991,3.837968097254752e-14,48.47576800000388,1.8081925000296906,5733,36189,1.1546319456101628e-14,0.0
rout,291,556,315,2431,time_limit,2046.4,1002.5899999999999,0.5100713448006255,Time limit reached,1113.9499999999998,0.8370662956147048,60.0984124999959,60.01961079996545,244,55279,0.0,0.0
set1ch,492,712,240,1412,time_limit,57938.75,53182.530269460105,0.0820904788339392,Optimal,54537.75,0.06236047508377225,60.188125999993645,2.3202726999879815,1610,40754,3.694822225952521e-13,0.0
seymour,4944,1372,1372,33549,time_limit,nan,inf,nan,Time limit reached,430.0,nan,62.71125709998887,60.031198400014546,0,10606,nan,nan
stein27,118,27,27,378,optimal,18.0,18.0,0.0,Optimal,17.999999999999982,9.86864910777918e-16,7.98390809999546,1.5931095000123605,4533,22054,0.0,0.0
stein45,331,45,45,1034,time_limit,32.0,28.0,0.125,Time limit reached,29.999999999999996,0.06666666666666679,60.04154020000715,60.00849630002631,10163,120959,0.0,0.0
swath,884,6805,6724,34965,time_limit,nan,380.3278202652276,nan,Time limit reached,603.922564,nan,60.398582499998156,60.16348640003707,0,5635,nan,nan
vpm1,234,378,168,749,optimal,20.0,20.0,0.0,Optimal,20.0,0.0,55.457198499992955,0.17529099999228492,2749,36342,2.5011104298755527e-12,0.0
