name,m,n,nnz,status,obj,ref_status,ref_obj,rel_err,time,ref_time,iters,row_viol,bound_viol
25fv47,821,1571,10400,optimal,5501.845888286745,Optimal,5501.845888286757,2.1489935129262255e-15,0.5977509000222199,0.15941069996915758,2934,9.43600753089413e-12,4.332255990388099e-13
80bau3b,2262,9799,21002,optimal,987224.19240909,Optimal,987224.1924090902,2.358437378704231e-16,0.811220699979458,0.12266579997958615,3726,2.2737367544323206e-12,0.0
adlittle,56,97,383,optimal,225494.96316238045,Optimal,225494.9631623803,6.453321628247602e-16,0.013929400010965765,0.0013235000078566372,77,2.2737367544323206e-12,3.126388037344441e-13
afiro,27,32,83,optimal,-464.7531428571429,Optimal,-464.75314285714285,1.2230884230573284e-16,0.0028734999941661954,0.0005543999723158777,16,2.1316282072803006e-14,0.0
agg,488,163,2410,optimal,-35991767.2865762,Optimal,-35991767.2865765,8.487324393981801e-15,0.050289399980101734,0.0036680999910458922,177,1.5774276107549667e-08,7.91494827890028e-10
agg2,516,302,4284,optimal,-20239252.355977114,Optimal,-20239252.355977118,1.840626438635096e-16,0.049656699993647635,0.004785500001162291,233,1.3437784218695015e-10,1.0913936421275139e-11
agg3,516,302,4300,optimal,10312115.935089217,Optimal,10312115.935089216,1.8062686270747812e-16,0.04913759999908507,0.0048195000272244215,226,4.147295840084553e-10,0.0
bandm,305,472,2494,optimal,-158.62801845012066,Optimal,-158.62801845012078,7.166882549022315e-16,0.08566090004751459,0.014553300046827644,449,1.3604672943756668e-12,3.469446951953614e-18
beaconfd,173,262,3375,optimal,33592.485807200006,Optimal,33592.4858072,2.1659479610835895e-16,0.017821200017351657,0.0023276000283658504,66,4.714806323136145e-11,0.0
blend,74,83,491,optimal,-30.812149845828245,Optimal,-30.812149845828237,2.3060472551099937e-16,0.013562300009652972,0.0013910999987274408,94,1.4210854715202004e-14,2.220446049250313e-15
bnl1,643,1175,5121,optimal,1977.629561522853,Optimal,1977.6295615228878,1.7590843613818972e-14,0.15449159999843687,0.022899000032339245,883,1.5364420846708526e-09,5.684341886080801e-13
bnl2,2324,3489,13999,optimal,1811.2365403585459,Optimal,1811.2365403585482,1.2553505319532792e-15,0.5543421000475064,0.051273100019898266,1863,1.3642420526593924e-12,1.4210854715202004e-14
boeing1,351,384,3485,optimal,-335.21356750712675,Optimal,-335.21356750712675,0.0,0.05769380001584068,0.009734599967487156,369,1.8189894035458565e-12,0.0
boeing2,166,143,1196,optimal,-315.01872801520284,Optimal,-315.0187280152027,3.608891396327698e-16,0.018538600008469075,0.002525300020352006,135,3.979039320256561e-13,9.947598300641403e-14
bore3d,233,315,1429,optimal,1373.0803942084926,Optimal,1373.0803942084926,0.0,0.031046099960803986,0.001931500039063394,96,3.637978807091713e-12,4.289196701030441e-15
brandy,220,249,2148,optimal,1518.5098964881286,Optimal,1518.5098964881279,4.492042020320341e-16,0.03243070002645254,0.004378899990115315,215,1.3642420526593924e-12,1.2004286453759505e-15
capri,271,353,1767,optimal,2690.012913768164,Optimal,2690.0129137681593,1.690502482567847e-15,0.0492396000190638,0.00316019996535033,243,1.4650503032953566e-12,3.1086244689504383e-15
cycle,1903,2857,20720,optimal,-5.226393024894098,Optimal,-5.226393024894102,6.797639714193684e-16,0.39639399998122826,0.24125929997535422,1374,4.761552930444793e-11,7.515698767903453e-13
czprob,929,3523,10669,optimal,2185196.6988565773,Optimal,2185196.698856578,4.261962207350947e-16,0.18307699996512383,0.02436630002921447,1193,4.547473508864641e-13,0.0
d2q06c,2171,5167,32417,optimal,122784.21081419002,Optimal,122784.2108141893,5.925808836442507e-15,2.7620788000058383,0.6888022000202909,6016,7.356675268965773e-10,2.167430190438956e-12
d6cube,415,6184,37704,optimal,315.49166666666684,Optimal,315.49166666666696,3.603481477744766e-16,0.19896310003241524,0.10537579999072477,448,3.637978807091713e-12,1.306900768160979e-12
degen2,444,534,3978,optimal,-1435.178,Optimal,-1435.178,0.0,0.06000100000528619,0.011354100017342716,593,4.374278717023117e-14,4.318767565791859e-14
degen3,1503,1818,24646,optimal,-987.2939999999999,Optimal,-987.2940000000007,8.060495293715061e-16,0.45186710002599284,0.15345399995567277,2372,3.197442310920451e-14,1.637578961322106e-14
dfl001,6071,12230,35632,optimal,11266396.046671413,Optimal,11266396.04667138,2.9758950907875153e-15,22.666954200016335,5.698934999993071,22000,3.055333763768431e-12,2.2980506386716115e-12
e226,223,282,2578,optimal,-11.638929066370245,Optimal,-11.638929066370537,2.5030010922859466e-14,0.0343637999612838,0.00636639998992905,288,2.227551476607914e-12,3.209238430557093e-16
etamacro,400,688,2409,optimal,-755.7152333749134,Optimal,-755.7152333005275,9.843107969461922e-11,0.07989100000122562,0.007823600026313215,487,4.4733256560084005e-13,1.5551064949238374e-15
fffff800,524,854,6227,optimal,555679.5648174962,Optimal,555679.5648174963,2.0950081521383547e-16,0.054145800007972866,0.010477699979674071,362,5.820766091346741e-11,1.6088981998526226e-14
finnis,497,614,2310,optimal,172791.06559561158,Optimal,172791.06559561164,3.368673068415043e-16,0.0540783999604173,0.004476599977351725,315,4.831690603168681e-13,7.105427357601002e-15
fit1d,24,1026,13404,optimal,-9146.378092420926,Optimal,-9146.378092420928,1.9887537833726197e-16,0.015178199973888695,0.009420600021257997,56,4.263256414560601e-14,0.0
fit1p,627,1677,9868,optimal,9146.378092420924,Optimal,9146.378092420935,1.193252270023571e-15,0.15730340004665777,0.031212000001687557,853,5.684341886080801e-13,0.0
fit2d,25,10500,129018,optimal,-68464.29329383207,Optimal,-68464.2932938321,4.2509502481574063e-16,0.13025789998937398,0.12617939995834604,138,4.405364961712621e-13,0.0
fit2p,3000,13525,50284,optimal,68464.29329383206,Optimal,68464.29329383216,1.487832586855091e-15,3.7165310000418685,0.7571968999691308,4909,3.410605131648481e-13,1.7763568394002505e-15
forplan,161,421,4563,optimal,-664.2189612722053,Optimal,-664.2189612722054,1.7115867560279674e-16,0.025512500025797635,0.005103899980895221,198,2.0463630789890885e-12,2.559897038590441e-14
ganges,1309,1681,6912,optimal,-109585.73612927829,Optimal,-109585.73612927813,1.4606925423505827e-15,0.16297169995959848,0.011968799983151257,1195,1.4551915228366852e-11,0.0
gfrd-pnc,616,1092,2377,optimal,6902235.999548809,Optimal,6902235.999548812,5.3972224344479525e-16,0.08600799995474517,0.005672500003129244,550,1.4551915228366852e-11,2.7284841053187847e-12
greenbea,2392,5405,30877,optimal,-72555248.12984595,Optimal,-72555248.12984587,1.0268837594752852e-15,3.03986800002167,0.19431839999742806,8499,4.786090244124352e-07,2.8944295763105103e-10
greenbeb,2392,5405,30877,optimal,-4302260.261206588,Optimal,-4302260.261206586,4.329457160057004e-16,2.510034699982498,0.3447192000458017,8033,8.128608897095546e-12,7.274222326309343e-12
grow15,300,645,5620,optimal,-106870941.29357533,Optimal,-106870941.29357533,0.0,0.09515049995388836,0.03319719998398796,1029,1.3880381288799981e-09,0.0
grow22,440,946,8252,optimal,-160834336.48256296,Optimal,-160834336.48256296,0.0,0.3171642000088468,0.06785900000249967,2656,2.153683453798294e-09,0.0
grow7,140,301,2612,optimal,-47787811.81471151,Optimal,-47787811.8147115,1.559096412661055e-16,0.03083339997101575,0.00955489999614656,354,1.6880221664905548e-09,0.0
israel,174,142,2269,optimal,-896644.8218630455,Optimal,-896644.8218630459,5.193375079557027e-16,0.020948000019416213,0.0029955999925732613,186,5.678884029691744e-10,0.0
kb2,43,41,286,optimal,-1749.900129906206,Optimal,-1749.9001299062056,2.598704595277895e-16,0.00892669998575002,0.0007328999927267432,54,1.1368683772161603e-12,0.0
lotfi,153,308,1078,optimal,-25.264706061880005,Optimal,-25.264706061880002,1.406196323875274e-16,0.027544200012926012,0.0024209999828599393,121,7.275957614183426e-12,0.0
maros-r7,3136,9408,144848,optimal,1497185.1664796434,Optimal,1497185.1664796423,7.775612825544097e-16,2.5408977000042796,0.5710406999569386,2429,1.2223608791828156e-09,0.0
maros,846,1443,9614,optimal,-58063.74370112587,Optimal,-58063.74370112589,2.506196517963185e-16,0.2093684999854304,0.03498659998876974,1589,4.190951585769653e-09,3.3367086871294305e-11
modszk1,687,1620,3168,optimal,320.619729063707,Optimal,320.61972906434596,1.9929430833188217e-12,0.11770770000293851,0.012711799994576722,659,1.1641532182693481e-10,0.0
nesm,662,2923,13288,optimal,14076036.487562686,Optimal,14076036.487562705,1.3232738852849322e-15,0.3613175999489613,0.1234060000278987,2412,9.958966984413564e-11,0.0
perold,625,1376,6018,optimal,-9380.75527823524,Optimal,-9380.755278235187,5.623288438748601e-15,0.1972165000042878,0.04933549999259412,1213,9.356881491839886e-09,2.4424906541753444e-15
pilot,1441,3652,43167,optimal,-557.4897292840659,Optimal,-557.4897292744025,1.7333738540644828e-11,3.5487069000373594,0.8217403999879025,4788,3.2244429348793346e-11,8.637514963024498e-13
pilot4,410,1000,5141,optimal,-2581.1392588838903,Optimal,-2581.1392588838853,1.9379895302178016e-15,0.11737349996110424,0.023017900006379932,788,1.0477378964424133e-09,9.569473835613666e-17
pilot87,2030,4883,73152,optimal,301.7103489967601,Optimal,301.71034733310745,5.51407225030868e-09,18.209117999998853,2.8393409000127576,11520,5.3798993038256526e-11,0.0
pilotnov,975,2172,13057,optimal,-4497.276188218869,Optimal,-4497.2761882188715,6.066970297413266e-16,0.3465957000153139,0.1278658999945037,1316,3.958120942115784e-09,1.4210854715202004e-13
recipe,91,180,663,optimal,-266.616,Optimal,-266.61600000000027,1.0660166468030417e-15,0.014517700008582324,0.0010501999640837312,46,0.0,0.0
sc105,105,103,280,optimal,-52.202061211707246,Optimal,-52.20206121170723,2.722278466662341e-16,0.013425600016489625,0.000945800042245537,112,1.1368683772161603e-13,4.263256414560601e-14
sc205,205,203,551,optimal,-52.202061211707225,Optimal,-52.20206121170721,2.722278466662342e-16,0.024577700009103864,0.0019192000036127865,222,1.8189894035458565e-12,1.2789769243681803e-13
sc50a,50,48,130,optimal,-64.57507705856449,Optimal,-64.5750770585645,2.2006717393947326e-16,0.009976700006518513,0.000609499984420836,50,5.684341886080802e-14,2.842170943040401e-14
sc50b,50,48,118,optimal,-70.0,Optimal,-69.99999999999999,2.0301221021717152e-16,0.008750599983613938,0.0005950999911874533,48,1.1368683772161603e-13,0.0
scagr25,471,500,1554,optimal,-14753433.06076852,Optimal,-14753433.060768528,5.050065680465911e-16,0.053919400030281395,0.00555900001199916,493,1.8189894035458565e-11,0.0
scagr7,129,140,420,optimal,-2331389.824330981,Optimal,-2331389.824330984,1.3981484250878372e-15,0.018644800002221018,0.00162980001186952,161,2.637534635141492e-11,0.0
scfxm1,330,457,2589,optimal,18416.759028348948,Optimal,18416.759028348948,0.0,0.04053110000677407,0.006776599970180541,378,5.842082373419544e-11,1.1368683772161603e-13
scfxm2,660,914,5183,optimal,36660.26156499881,Optimal,36660.261564998815,1.984698772888764e-16,0.08175680000567809,0.01639860001159832,798,8.185452315956354e-12,3.2340693597075566e-14
scfxm3,990,1371,7777,optimal,54901.25454975146,Optimal,54901.254549751444,2.650561512247398e-16,0.13473350001731887,0.02505229995585978,1247,7.275957614183426e-12,0.0
scorpion,388,358,1426,optimal,1878.1248227381075,Optimal,1878.1248227381068,3.631925940551896e-16,0.03458219999447465,0.002570500015281141,259,1.3322676295501878e-15,4.440892098500626e-16
scrs8,490,1169,3182,optimal,904.2969538007912,Optimal,904.296953800792,8.800293539710641e-16,0.16970540001057088,0.007534699980169535,491,5.897504706808832e-13,1.3877787807814457e-17
scsd1,77,760,2388,optimal,8.666666674333364,Optimal,8.666666674333364,0.0,0.00819169997703284,0.0019369999645277858,93,1.7763568394002505e-15,2.524940918346605e-15
scsd6,147,1350,4316,optimal,50.50000007714434,Optimal,50.5000000782623,2.2137838282871797e-11,0.020587399951182306,0.0062287000473588705,257,8.881784197001252e-16,7.89550536346604e-16
scsd8,397,2750,8584,optimal,904.9999999254645,Optimal,904.9999999254643,2.5124163034470556e-16,0.08718329999828711,0.03321730002062395,893,4.612282777927135e-14,3.885578139174736e-14
sctap1,300,480,1692,optimal,1412.25,Optimal,1412.25,0.0,0.023690100002568215,0.004906399990431964,324,1.0658141036401503e-14,2.220446049250313e-16
sctap2,1090,1880,6714,optimal,1724.807142857143,Optimal,1724.807142857143,0.0,0.06742620002478361,0.011010400019586086,730,7.105427357601002e-15,0.0
sctap3,1480,2480,8874,optimal,1424.0,Optimal,1424.0,0.0,0.0984279999975115,0.014278399990871549,980,8.881784197001252e-15,8.881784197001252e-15
seba,515,1028,4352,optimal,15711.6,Optimal,15711.599999999999,1.1577365790536016e-16,0.09153370000422001,0.0035468999994918704,437,0.0,0.0
share1b,117,225,1151,optimal,-76589.31857918561,Optimal,-76589.31857918572,1.519994223562297e-15,0.02225080004427582,0.002605999994557351,199,2.762337680901265e-09,0.0
share2b,96,79,694,optimal,-415.7322407414188,Optimal,-415.73224074141945,1.5040392497675048e-15,0.013389999978244305,0.0014934000209905207,107,2.2737367544323206e-13,0.0
shell,536,1775,3556,optimal,1208825346.0,Optimal,1208825346.0,0.0,0.07585199997993186,0.01052250002976507,494,0.0,0.0
ship04l,402,2118,6332,optimal,1793324.537970356,Optimal,1793324.5379703562,1.298318506907746e-16,0.041039699979592115,0.006856399995740503,407,1.7319479184152442e-14,0.0
ship04s,402,1458,4352,optimal,1798714.700445392,Optimal,1798714.7004453917,1.2944278689456247e-16,0.032421300013083965,0.0049569999682717025,333,1.3766765505351941e-14,0.0
ship08l,778,4283,12802,optimal,1909055.2113891316,Optimal,1909055.211389131,3.658835673240423e-16,0.08586720004677773,0.015993300010450184,710,2.0011770018868447e-14,3.552713678800501e-15
ship08s,778,2387,7114,optimal,1920098.2105346199,Optimal,1920098.2105346182,8.488183034779735e-16,0.05220879998523742,0.008202600001823157,462,1.8235413179468196e-14,4.440892098500626e-16
ship12l,1151,5427,16170,optimal,1470187.9193292644,Optimal,1470187.9193292663,1.2669435823420034e-15,0.1209909999743104,0.021934700023848563,1021,3.813616089587413e-14,2.0816681711721685e-15
ship12s,1151,2763,8178,optimal,1489236.1344061291,Optimal,1489236.1344061329,2.5014772421886333e-15,0.07381490000989288,0.009973699983675033,659,2.1066481892262345e-14,4.218847493575595e-15
sierra,1227,2036,7302,optimal,15394362.183631929,Optimal,15394362.183631929,0.0,0.0869302999926731,0.012546800018753856,593,2.2737367544323206e-13,2.2737367544323206e-13
stair,356,467,3856,optimal,-251.2669511929633,Optimal,-251.26695119296335,2.2622720015874454e-16,0.0522175999940373,0.011166000040248036,442,1.220357148667972e-12,0.0
standata,359,1075,3031,optimal,1257.6995,Optimal,1257.6995,0.0,0.04253869998501614,0.003976500011049211,55,1.7763568394002505e-15,0.0
standgub,361,1184,3139,optimal,1257.6995,Optimal,1257.6995,0.0,0.04884830000810325,0.004262799979187548,55,1.7763568394002505e-15,0.0
standmps,467,1075,3679,optimal,1406.0175000000002,Optimal,1406.0175,1.617146838095771e-16,0.048047499964013696,0.004430799977853894,197,7.549516567451064e-14,5.551115123125783e-17
stocfor1,117,111,447,optimal,-41131.976219436416,Optimal,-41131.97621943641,1.768929743459606e-16,0.01878969999961555,0.0012543000048026443,104,3.637978807091713e-12,0.0
stocfor2,2157,2031,8343,optimal,-39024.408537882024,Optimal,-39024.408537882104,2.050909591065933e-15,0.32484209997346625,0.021823000046424568,1980,3.1377567211166024e-11,1.7763568394002505e-15
tuff,333,587,4520,optimal,0.29214776509361273,Optimal,0.292147765093613,2.7755575615628914e-16,0.03652339999098331,0.007257600023876876,242,5.4569682106375694e-12,4.5256533301079935e-14
vtpbase,198,203,908,optimal,129831.46246136137,Optimal,129831.46246136137,0.0,0.019115899980533868,0.001144499983638525,123,4.991118629504854e-12,9.094947017729282e-13
wood1p,244,2594,70215,optimal,1.4429024115734097,Optimal,1.442902411573409,4.616624169674165e-16,0.11193630000343546,0.05306500004371628,293,9.744322590574811e-14,1.609616709667347e-17
