name,threads,status,obj,time,iters
d2q06c,12,optimal,122768.13439783848,3.9789524000370875,49216
d2q06c,5,optimal,122782.94981221754,2.3272355999797583,47424
fit2d,12,optimal,-68464.29335386658,0.7381916999584064,5504
fit2d,5,optimal,-68464.29334670177,0.4879238999565132,4160
fit2p,12,optimal,68464.26249075157,0.926863599976059,7488
fit2p,5,optimal,68464.2536030065,0.5645957000087947,6336
dfl001,12,optimal,11266625.879290825,1.0296419999795035,9408
dfl001,5,optimal,11266573.549085043,0.48234729998512194,6144
qap15,12,optimal,1041.0161966739454,0.43782769999234006,2880
qap15,5,optimal,1041.017629598099,0.3646792000508867,2880
savsched1,12,optimal,217.3852768940949,3.704610600019805,640
savsched1,5,optimal,217.41204286357313,3.8908575999666937,704
datt256,12,optimal,255.9999957162201,2.4334012999897823,704
datt256,5,optimal,256.00000715299,2.0735443999874406,640
